<?xml version="1.0" encoding="utf-8"?>

<!--

This file customizes and configures EditLive! for Java.

TIP: this file can be dynamically generated using ASP, JSP or PHP to achieve runtime changes to settings

-->
<editlive>

    <!-- Default content for the editor -->
    <document>
        <html>
        
            <!--
            Default document header 
            -->
            <head>
		<meta http-equiv="Content-Type" content="text/html; charset=UTF-8" />
            </head>
            
            <!--
            Default document body. Add content here if you want this to be the default when the editor
            loads, although this is better done at runtime.
            -->
            <body>
            </body>

        </html>
    </document>
    
    <!-- 
    Add your Ephox-provided license key here 
    -->
    <ephoxLicenses>
        <license
			domain="LOCALHOST"
			key="6FFF-4DC5-EDF4-2486"
			licensee="For Evaluation Only"
			release="8.0"
			type="Evaluation License"
			productivityPack="true"
		/>
    </ephoxLicenses>
    
    <!-- 
    Specify the location of the spell checker
    -->
    <spellCheck jar="../../../redistributables/editlivejava/dictionaries/en_us_4_0.jar">
    </spellCheck>
    
    <!-- 
    Specify HTML filter settings 
    -->
    <htmlFilter 
        outputXHTML="true" 
        outputXML="false" 
        indentContent="false"
        logicalEmphasis="true" 
        quoteMarks="false" 
        uppercaseTags="false" 
        uppercaseAttributes="false" 
        wrapLength="0">
    </htmlFilter>
 
    <!-- 
    Specify settings for the Design (WYSIWYG) view(s) of the editor. Set tabPlacement="off" to disable the tabs.
    -->
    <wysiwygEditor tabPlacement="bottom" brOnEnter="false" showDocumentNavigator="true">
       <!-- Define Custom Tags actions -->
       <!--
       <customTags>
          <doubleClickActions>
             <action.../>
          </doubleClickActions>
       </customTags>
       -->
       <!-- Define additional symbols for the symbol dialog here -->
       <!--
       <symbols></symbols>
       -->
    </wysiwygEditor>
    <!-- 
    Specify settings for the Source (code) view of the editor 
    -->        
    </wysiwygEditor>
    <!-- 
    Specify settings for the Source (code) view of the editor 
    -->
    <sourceEditor showBodyOnly="true"/>
    
    <!-- 
    Specify options for content that EditLive has detected has been pasted from Microsoft Word 
    -->
    <wordImport styleOption="merge_inline_styles"/>
    
    <!-- 
    Specify options for content that EditLive has detected has been pasted from another HTML document 
    -->
    <htmlImport styleOption="merge_embedded_styles"/>    
    
    <mediaSettings>
        <httpUpload 
            base="images/" 
            href="coldfusion_postacceptor.cfm">
        </httpUpload>    
        
        <images allowLocalImages="true" allowUserSpecified="true" preferredWidth="800" preferredHeight="600">
            <!-- 
            The list of images which appear in the Insert Image dialog.
            TIP: Dynamically generate this from your database or repository to achieve an easy image library.
            -->
            
            <imageList>
                <image align="" alt="Ephox EditLive! for Java Logo"
                    border=""
                    description="Ephox EditLive! for Java Logo"
                    height="" hspace="" name="Ephox EditLive! for Java"
                    src="images/eljlogo.jpg"
                    title="Ephox EditLive! for Java" vspace="" width=""/>
                <image align="" alt="iMac Computer" border=""
                    description="IMac Computer" height="" hspace=""
                    name="iMac" src="images/newimac.gif" title="iMac"
                    vspace="" width=""/>
                <image align="" alt="Apple Computer" border=""
                    description="Picture of a new Apple Computer" 
                    height="" hspace="" name="Apple Computer"
                    src="images/applecomp.jpg" title="Apple Computer"
                    vspace="" width=""/>
                <image align="" alt="IBM Thinkpad" border=""
                    description="Picture of a new IBM Thinkpad"
                    height="" hspace="" name="IBM Thinkpad"
                    src="images/ibm_thinkpad.gif"
                    title="IBM Thinkpad" vspace="" width=""/>
            </imageList>
            
            <!--
            Specify WebDAV configuration information
            -->
            <!--<webdav>
                <repository 
                    name="Sample" 
                    baseDir="http://www.yourserver.com/webDAV"
                    defaultDir="SampleDir" 
                    webDAVBaseURL="../webDAV"
                />
            </webdav>-->
        </images>
        <multimedia>
            <types>
                <type name="Adobe Flash" type="application/x-shockwave-flash" extension="swf" allowCustomParams="true" urlParam="movie">
                    <param name="movie" />
                    <param name="quality" />
                    <param name="bgcolor" />
                </type>
                <type name="QuickTime Movie" type="video/quicktime" extension="mov" allowCustomParams="true">
                    <param name="autohref" />
                    <param name="autoplay" />
                    <param name="bgcolor" />
                    <param name="cache" />
                    <param name="controller" />
                    <param name="correction" />
                    <param name="dontflattenwhensaving" />
                    <param name="enablejavascript" />
                    <param name="endtime" />
                    <param name="fov" />
                    <param name="height" />
                    <param name="href" />
                    <param name="kioskmode" />
                    <param name="loop" />
                    <param name="movieid" />
                    <param name="moviename" />
                    <param name="node" />
                    <param name="pan" />
                    <param name="playeveryframe" />
                    <param name="qtsrcchokespeed" />
                    <param name="scale" />
                    <param name="starttime" />
                    <param name="target" />
                    <param name="targetcache" />
                    <param name="tilt" />
                    <param name="urlsubstitute" />
                    <param name="volume" />
                </type>
                    <type name="Window Media" type="application/x-mplayer2" extension="asf" allowCustomParams="true" urlParam="fileName">
                    <param name="animationAtStart" />
                    <param name="autoStart" />
                    <param name="showControls" />
                    <param name="clickToPlay" />
                    <param name="transparentAtStart" />
                </type>
                <type name="Window Media (Streaming)" type="application/x-mplayer2" extension="asx" allowCustomParams="true" urlParam="fileName">
                    <param name="animationAtStart" />
                    <param name="autoStart" />
                    <param name="showControls" />
                    <param name="clickToPlay" />
                    <param name="transparentAtStart" />
                </type>
                <type name="WAV Audio" type="application/x-mplayer2" extension="wav" allowCustomParams="true" />
                <type name="MP3 Audio" type="application/x-mplayer2" extension="mp3" allowCustomParams="true" />
                <type name="AVI" type="application/x-mplayer2" extension="avi" allowCustomParams="true" />
            </types>
            <!--
            Specify WebDAV configuration information
            -->
            <!--
            <webdav>
                <repository 
                    name="Sample" 
                    baseDir="http://www.yourserver.com/webDAV"
                    defaultDir="SampleDir" 
                    webDAVBaseURL="../webDAV"
                />
            </webdav>
            -->        
        </multimedia>
    </mediaSettings>
    
    
    <hyperlinks>
    
        <hyperlinkList>
            <hyperlink href="http://www.ephox.com" description="Ephox Web site" />
            <hyperlink href="http://www.apple.com" description="Apple Computer Web site" />
            <hyperlink href="http://www.sun.com" description="Sun Microsystems Web site" />
        </hyperlinkList>
        
        <mailtoList>
            <mailtolink href="mailto:test@ephox.com" description="Ephox information" />
            <mailtolink href="mailto:abc@ephox.com" description="Ephox information2" />
        </mailtoList>
        
    </hyperlinks>
    
    <!-- 
    Customize the EditLive! menus
    
    Note: you must display some sort of Ephox copyright statement within your application, only 
    remove the About menu (by setting showAboutMenu="false") if you have correctly attributed Ephox's 
    copyright in the appropriate place(s) within your application.
    -->
    <menuBar showAboutMenu="true">
    
        <menu name="ephox_filemenu">
            <menuItem name="New"/>
            <menuItem name="Open"/>
            <menuSeparator/>
            <menuItem name="Save"/>
            <menuItem name="SaveAs"/>
            <menuSeparator/>
            <menuItem name="Print"/>     
        </menu>
        
        <menu name="ephox_editmenu">
            <menuItem name="Undo"/>
            <menuItem name="Redo"/>
            <menuSeparator/>
            <menuItem name="Cut"/>
            <menuItem name="Copy"/>
            <menuItem name="Paste"/>
            <menuItem name="PasteSpecial"/>
            <menuSeparator/>
            <menuItem name="Select"/>
            <menuItem name="SelectAll"/>
            <menuSeparator/>
            <menuItem name="Find"/>
            <menuSeparator/>        
        </menu>
        
        <menu name="ephox_viewmenu">
            <menuItemGroup name="SourceView"/>
            <menuSeparator/>
            <menuItem name="Popout"/>
            <menuSeparator/>
            <menuItem name="showDocumentNavigator"/>
            <menuSeparator/>
            <menuItem name="ParagraphMarker"/>        
        </menu>
        
        <menu name="ephox_insertmenu">
            <menuItem name="InsTable"/>
            <menuSeparator/>
            <menuItem name="HLink"/>
            <menuItem name="Bookmark"/>
            <menuItem name="RemoveHyperlink" />
            <menuSeparator/>
            <menuItem name="ImageServer"/> 
            <!--<menuItem name="ImageLocal"/>-->
            <menuItem name="InsertObject"/>
            <menuSeparator/>
            <menuItem name="Symbol"/>
            <menuItem name="HRule"/> 
            <menuSeparator/>
            <menuItem name="DateTime"/>              
            <menuSeparator/>
            <menuItem name="insertcomment"/>            
        </menu>
        
        <menu name="ephox_formatmenu">
            <submenu name="Style"/>
            <submenu name="Face"/>
            <submenu name="Size"/>
            <menuSeparator/>
            <menuItem name="Bold"/>
            <menuItem name="Italic"/>
            <menuItem name="Underline"/>
            <menuSeparator/>
            <menuItemGroup name="Align"/>
            <menuSeparator/>
            <menuItemGroup name="List"/>
            <menuItem name="DecreaseIndent"/>
            <menuItem name="IncreaseIndent"/>
            <menuItem name="PropList"/>
            <menuSeparator/>
            <menuItem name="HighlightColor"/>
            <menuItem name="Color"/>
            <menuSeparator/>
            <menuItemGroup name="Script"/>
            <menuItem name="Strike"/>
            <menuSeparator/>
            <menuItem name="RemoveFormatting"/>
            <menuItem name="FormatPainter"/>       
        </menu>
        
        <menu name="ephox_toolsmenu">
            <menuItem name="Spelling"/>
            <menuItem name="BackgroundSpellChecking"/>
            <menuSeparator/>
            <menuItem name="Accessibility"/>
            <menuSeparator/>
            <menuItem name="WordCount"/>        
        </menu>
        
        <menu name="ephox_tablemenu">
            <menuItem name="InsTable"/>
            <menuItem name="InsRowCol"/>
            <menuItem name="InsCell"/>
            <menuSeparator/>
            <menuItem name="DelRow"/>
            <menuItem name="DelCol"/>
            <menuItem name="DelCell"/>
            <menuSeparator/>
            <menuItem name="Split"/>
            <menuItem name="Merge"/>
            <menuSeparator/>
            <menuItem name="PropCell"/>
            <menuItem name="PropRow"/>
            <menuItem name="PropCol"/>
            <menuItem name="PropTable"/>
            <menuSeparator/>
            <menuItem name="Gridlines"/>
        </menu>  
        
    </menuBar>
    
    <!-- 
    Customize the EditLive! toolbars
    -->
    <toolbars>
        <toolbar name="Command">        
            <toolbarButton name="New"/>
            <toolbarButton name="Open"/>
            <toolbarButton name="Save"/>
            <toolbarSeparator/>
            <toolbarButton name="Print"/>
            <toolbarSeparator/>
            <toolbarButton name="Spelling"/>
            <toolbarButton name="BackgroundSpellChecking"/>
            <!--<toolbarButton name="Accessibility"/>-->
            <toolbarButton name="Find"/>
            <!--<toolbarButton name="WordCount"/>  -->
            <toolbarSeparator/>  
            <toolbarButton name="Cut"/>
            <toolbarButton name="Copy"/>
            <toolbarButton name="Paste"/>
            <!--<toolbarButton name="RemoveFormatting"/>  -->
            <toolbarButton name="FormatPainter" /> 
            <toolbarSeparator/>
            <toolbarButton name="Undo"/>
            <toolbarButton name="Redo"/> 
            <toolbarSeparator/>
            <toolbarButton name="HLink"/>
            <!--<toolbarButton name="RemoveHyperlink"/>
            <toolbarButton name="Bookmark"/>-->
            <toolbarButton name="ImageServer"/>
            <!--<toolbarButton name="Symbol"/>
            <toolbarButton name="HRule"/>
            <toolbarButton name="InsertComment"/>-->
            <toolbarSeparator/>
            <toolbarButton name="InsTableWizard"/>
            <toolbarButton name="InsRow"/>
            <toolbarButton name="InsCol"/>
            <toolbarButton name="DelRow"/>
            <toolbarButton name="DelCol"/>
            <toolbarButton name="Split"/>
            <toolbarButton name="Merge"/>
            <toolbarButton name="Gridlines"/>  
            <toolbarSeparator/>
            <toolbarButton name="ParagraphMarker"/>
            <toolbarSeparator/>   
            <toolbarButton name="Popout"/>            
        </toolbar>
        
        <toolbar name="Format">
            <!-- 
            Styles from any embeddedd or external stylesheets will also be automatically added to the Styles drop-down 
            -->
            <toolbarComboBox name="Style">
                <comboBoxItem name="P" text="Normal"/>
                <comboBoxItem name="H1" text="Heading 1"/>
                <comboBoxItem name="H2" text="Heading 2"/>
                <comboBoxItem name="H3" text="Heading 3"/>
                <comboBoxItem name="H4" text="Heading 4"/>
                <comboBoxItem name="H5" text="Heading 5"/>
                <comboBoxItem name="H6" text="Heading 6"/>
                <comboBoxItem name="PRE" text="Formatted"/>
                <comboBoxItem name="ADDRESS" text="Address"/>
            </toolbarComboBox>
            <!-- 
            You can remove the Font drop-down if you just want users to use Styles.
            The following fonts are part of the Microsoft Core Web Fonts and are available on at least Mac OS X and Windows
            To change the default font, change the embedded style sheet in the 'style' element above.
            -->
            <toolbarComboBox name="Face">
                <comboBoxItem name="Arial" text="Arial"/>
                <comboBoxItem name="Arial Black" text="Arial Black"/>
                <comboBoxItem name="Arial Narrow" text="Arial Narrow"/>
                <comboBoxItem name="Comic Sans MS" text="Comic Sans MS"/>
                <comboBoxItem name="Courier New" text="Courier New"/>
                <comboBoxItem name="Georgia" text="Georgia"/>
                <comboBoxItem name="Impact" text="Impact"/>
                <comboBoxItem name="Times New Roman" text="Times New Roman"/>
                <comboBoxItem name="Trebuchet MS" text="Trebuchet MS"/>
                <comboBoxItem name="Verdana" text="Verdana"/>
            </toolbarComboBox>
            <!-- 
            Font Size drop-down 
            -->
            <toolbarComboBox name="Size">
                <comboBoxItem name="1" text="7pt"/>
                <comboBoxItem name="2" text="8pt"/>
                <comboBoxItem name="3" text="10pt"/>
                <comboBoxItem name="4" text="12pt"/>
                <comboBoxItem name="5" text="14pt"/>
                <comboBoxItem name="6" text="18pt"/>
                <comboBoxItem name="7" text="24pt"/>
            </toolbarComboBox>
            <toolbarSeparator/>
            <toolbarButton name="Bold"/>
            <toolbarButton name="Italic"/>
            <toolbarButton name="Underline"/>
            <!--<toolbarButton name="Strike" />-->
            <toolbarSeparator/>
            <toolbarButtonGroup name="Align"/>
            <toolbarSeparator/>
            <toolbarButtonGroup name="List"/>
            <toolbarButton name="DecreaseIndent"/>
            <toolbarButton name="IncreaseIndent"/>
            <toolbarSeparator/>
            <toolbarButton name="HighlightColor"/>
            <toolbarButton name="Color"/>
            <!--<toolbarButtonGroup name="Script"/>-->
        </toolbar>
    </toolbars>
    
    <!-- 
    Customize the EditLive! shortcut menu
    -->
    <shortcutMenu>
        <shrtMenu>
            <shrtMenuItem name="Undo"/>
            <shrtMenuItem name="Redo"/>
            <shrtMenuSeparator/>
            <shrtMenuItem name="Cut"/>
            <shrtMenuItem name="Copy"/>
            <shrtMenuItem name="Paste"/>
            <shrtMenuSeparator/>
            <shrtMenuItem name="Select"/>   
            <shrtMenuSeparator/>
            <shrtMenuItem name="Hyperlink"/>
            <shrtMenuItem name="RemoveHyperlink"/>
            <shrtMenuItem name="PropImage"/>
            <shrtMenuItem name="PropObject"/>
            <shrtMenuItem name="PropList"/>
            <shrtMenuItem name="PropHR"/>
            <shrtMenuSeparator/>
            <shrtMenuItem name="Split"/>
            <shrtMenuItem name="Merge"/>
            <shrtMenuSeparator/> 
            <shrtMenuItem name="PropTable"/>
            <shrtMenuItem name="PropRow"/>
            <shrtMenuItem name="PropCol"/>
            <shrtMenuItem name="PropCell"/>
            <shrtMenuSeparator/>
            <shrtMenuItem name="EditTag"/>
        </shrtMenu>
    </shortcutMenu>
</editlive>
