<?xml version="1.0" encoding="utf-8"?>

<!--
This file customizes and configures EditLive!

TIP: this file can be dynamically generated using ASP, JSP or PHP to achieve runtime changes to settings
-->
<editlive>

    <!-- Default content for the editor -->
    <document>
        <html>

            <!--
            Default document header
            -->
            <head>
                <!--
                Specify the base URL for the editor to download all relative images and style sheets
                -->
                <!--<base href="http://www.youserver.com/cms/" />-->

                <!--
                Specify the character encoding for the editor. By default this should be UTF-8, which
                will encode all special characters as numeric entities in XHTML or as named entities in HTML
                -->
                <!--<meta http-equiv="Content-Type" content="text/html; charset=UTF-8" />-->

                <!--
                Uncomment the following line to load an external style sheet for the editor
                -->
        <!-- <link rel="stylesheet" href="http://www.yourserver.com/style.css" type="text/css"/> -->

                <!--
                Specify any embedded styles for the editor
                You can remove or customize the styles below.
                -->
                <!--
                <style type="text/css">
                    body {
                        font-family: Verdana, Arial;
                    }
                    h1 {
                       font-family: Tahoma, Arial;
                       font-size: 24pt;
                       font-weight: normal;
                       color: #003366;
                       border-bottom: solid 1px #003366;
                    }
                    p.fineprint{
                        font-size: 8pt;
                        text-align: center;
                    }
                    span.comment {
                        border: solid 1px #FFFF00;
                        background-color: #FFFFCC;
                    }
                </style>
        -->
            </head>

            <!--
            Default document body. Add content here if you want this to be the default when the editor
            loads, although this is better done at runtime.
            -->
            <body>
            </body>

        </html>
    </document>

    <!--
    Add your Ephox-provided license key here
    -->
    <ephoxLicenses>
        <license
            accountID="BB56B8DD47EF"
            activationURL="http://www.ephox.com/elregister/el2/activate.asp"
            domain="LOCALHOST"
            expiration="NEVER"
            forceActive="false"
            key="6FFF-9765-8052-7AA5"
            licensee="For Evaluation Only"
            product="EditLive!"
            release="6.0"
            seats=""
            type="Evaluation License"
            eqEditor="true"
      productivityPack="true"
    />

    </ephoxLicenses>

    <!--
    Specify the location of the spell checker and thesaurus.

    If no spellcheck or thesaurus jars are specified, the location for these jars is automatically generated
    based on the specified DownloadDirectory load-time property and the user's locale.

    The spellCheck element also includes options to turn autocorrect and spell check as-you-type on
    -->
    <spellCheck startBackgroundChecking="true" startAutoCorrect="true"/>
    <!--
    <thesaurus jar="thesaurus/thes_am_6_0.jar"/>
    -->

    <!--
    Specify HTML filter settings
    -->
    <htmlFilter
        outputXHTML="true"
        outputXML="false"
        xhtmlStrict="false"
        indentContent="false"
        logicalEmphasis="true"
        quoteMarks="false"
        uppercaseTags="false"
        uppercaseAttributes="false"
        wrapLength="0">
    </htmlFilter>

    <!--
    Specify settings for the Design (WYSIWYG) view(s) of the editor. Set tabPlacement="off" to disable the tabs.
    -->
    <!-- INLINE UI: tabPlacement="off" -->
    <wysiwygEditor
      tabPlacement="off"
      brOnEnter="false"
      showDocumentNavigator="false"
      disableInlineImageResizing="false"
      disableInlineTableResizing="false"
      enableTrackChanges="false"
    >
       <!-- Define Custom Tags actions -->
       <!--
       <customTags>
          <doubleClickActions>
             <action.../>
          </doubleClickActions>
       </customTags>
       -->
       <!-- Define additional symbols for the symbol dialog here -->
       <!--
       <symbols></symbols>
       -->
    </wysiwygEditor>
    <!--
    Specify settings for the Source (code) view of the editor
    -->
    <sourceEditor showBodyOnly="false"/>

    <!--
    Specify options for content that EditLive has detected has been pasted from Microsoft Word
    -->
    <wordImport styleOption="clean"/>

    <!--
    Specify options for content that EditLive has detected has been pasted from Microsoft Excel
    -->
    <excelImport styleOption="merge_inline_styles"/>

    <!--
    Specify options for content that EditLive has detected has been pasted from another HTML document
    -->
    <htmlImport styleOption="merge_inline_styles"/>

    <!--
    Specify plugins to load
     -->
    <plugins>
      <!--plugin name="autosave" /-->
      <plugin name="autolink" />
      <plugin name="insertHTML" />
        <plugin name="rtfpaste"/>
        <plugin name="setBackgroundMode"/>

      <!-- contains some Enterprise Edition features -->
      <plugin name="tableToolbar" />
      <plugin name="accessibility" />

      <!-- Enterprise Edition only -->
      <plugin name="imageEditor" />
      <plugin name="BrokenHyperlinkReport" />
      <plugin name="commenting" />
      <plugin name="templateBrowser" />

    </plugins>

    <!--
    Specify templates for the Template Browser plugin.
     -->
    <templates>
      <category name="Documents">
      <template name="Article" value="%3Ch1%3EArticle+Title%3C%2Fh1%3E++%3Cdiv+style%3D%22+width%3A+30%25%3B+float%3A+right%3B%22%3EInsert+image+here.%3C%2Fdiv%3E++%3Cp%3EInsert+article+text+here.%3C%2Fp%3E"/>
        <template name="Job Posting" value="%3Ch1%3EJob+Title%3C%2Fh1%3E++%3Cp%3EBrief+description+of+the+job.%3C%2Fp%3E++%3Ch2%3EResponsibilities%3C%2Fh2%3E++%3Cp%3EPrimary+responsibilities%3A%3C%2Fp%3E++%3Cul%3E+%3Cli%3EList+of+the+key+responsibilities+for+the+job.%3C%2Fli%3E+%3C%2Ful%3E++%3Ch2%3EExperience%3C%2Fh2%3E++%3Cp%3EThe+desired+candidate+will+have%3A%3C%2Fp%3E++%3Cul%3E+%3Cli%3EList+of+the+key+items+of+experience.%3C%2Fli%3E+%3C%2Ful%3E" />
        <template name="Press Release" value="%3Cp+style%3D%22text-align%3A+center%3B%22%3E%5BInsert+company+logo+here%5D%3C%2Fp%3E++%3Ctable+style%3D%22+width%3A+100%25%3B+border-collapse%3A+collapse%3B%22+cellpadding%3D%220%22+border%3D%220%22+cellspacing%3D%220%22%3E+%3Ctr%3E+%3Ctd+style%3D%22+width%3A+50%25%3B+vertical-align%3A+top%3B%22%3EContact%3A+%3Cbr+%2F%3E+Tel%3A+%3Cbr+%2F%3E+Email%3A+%3C%2Ftd%3E+%3Ctd+style%3D%22+text-align%3A+right%3B+width%3A+50%25%3B+vertical-align%3A+top%3B%22%3EFOR+IMMEDIATE+RELEASE%3C%2Ftd%3E+%3C%2Ftr%3E+%3C%2Ftable%3E++%3Ch2+style%3D%22+text-align%3A+center%3B%22%3EMAIN+TITLE+OF+PRESS+RELEASE%3C%2Fh2%3E++%3Ch4+style%3D%22+text-align%3A+center%3B%22%3ESubtitle+of+Press+Release%3C%2Fh4%3E++%3Cp+style%3D%22+text-align%3A+left%3B%22%3EInsert+body+of+press+release+here.%3C%2Fp%3E" />
        <template name="Product Landing Page" value="%3Cdiv+style%3D%22+text-align%3A+center%3B+width%3A+200%3B+height%3A+150%3B+padding%3A+4px+4px+0+4px%3B+border%3A+1px+solid+%23D4D4D4%3B+float%3A+left%3B%22%3E+%3Cp%3E%5BInsert+image+here.%5D%3C%2Fp%3E+%3C%2Fdiv%3E++%3Cdiv+style%3D%22+text-align%3A+center%3B+height%3A+150%3B%22%3E+%3Ch1%3EProduct+Name%3C%2Fh1%3E++%3Cp%3EShort+description+of+product%3C%2Fp%3E+%3C%2Fdiv%3E++%3Cp%3E%26%23160%3B%3C%2Fp%3E++%3Cdiv+style%3D%22+background-color%3A+%23f8f8f8%3B+padding%3A+5px%3B%22%3E+%3Ch3%3EProduct+Details%3C%2Fh3%3E++%3Cul%3E+%3Cli%3EProduct+Benefit+1%3C%2Fli%3E++%3Cli%3EProduct+Benefit+2%3C%2Fli%3E++%3Cli%3EProduct+Benefit+3%3C%2Fli%3E+%3C%2Ful%3E++%3Ch3%3EFeature+Comparison%3C%2Fh3%3E++%3Ctable+cellpadding%3D%220%22+border%3D%221%22+style%3D%22+width%3A+90%25%3B%22+cellspacing%3D%220%22%3E+%3Ctr+style%3D%22+background-color%3A+%23C7D1DE%3B%22%3E+%3Ctd+style%3D%22+width%3A+14%25%3B+background-color%3A+%23C7D1DE%3B%22%3E%26%23160%3B%3C%2Ftd%3E+%3Ctd+style%3D%22+text-align%3A+center%3B+width%3A+43%25%3B%22%3E%3Cstrong%3EYour+Product%3C%2Fstrong%3E%3C%2Ftd%3E+%3Ctd+style%3D%22+text-align%3A+center%3B+width%3A+43%25%3B%22%3E%3Cstrong%3EProduct+B%3C%2Fstrong%3E%3C%2Ftd%3E+%3C%2Ftr%3E++%3Ctr%3E+%3Ctd+style%3D%22+text-align%3A+right%3B+width%3A+14%25%3B+background-color%3A+%23C7D1DE%3B%22%3E%3Cstrong%3EFeature+A%3C%2Fstrong%3E%3C%2Ftd%3E+%3Ctd+style%3D%22+width%3A+43%25%3B%22%3E%26%23160%3B%3C%2Ftd%3E+%3Ctd+style%3D%22+width%3A+43%25%3B%22%3E%26%23160%3B%3C%2Ftd%3E+%3C%2Ftr%3E++%3Ctr%3E+%3Ctd+style%3D%22+text-align%3A+right%3B+width%3A+14%25%3B+background-color%3A+%23C7D1DE%3B%22%3E%3Cstrong%3EFeature+B%3C%2Fstrong%3E%3C%2Ftd%3E+%3Ctd+style%3D%22+width%3A+43%25%3B%22%3E%26%23160%3B%3C%2Ftd%3E+%3Ctd+style%3D%22+width%3A+43%25%3B%22%3E%26%23160%3B%3C%2Ftd%3E+%3C%2Ftr%3E+%3C%2Ftable%3E++%3Cp%3E%26%23160%3B%3C%2Fp%3E+%3C%2Fdiv%3E" />
        <template name="Requirements" value="%3Cdiv+style%3D%22+width%3A+200%3B+color%3A+%235E657B%3B+float%3A+right%3B%22%3E+%3Ch3+style%3D%22+padding%3A+5px%3B+margin%3A+0%3B+background-color%3A+%235E657B%3B+color%3A+%23FFFFFF%3B%22%3ETable+of+Contents%3C%2Fh3%3E++%3Cul%3E+%3Cli%3E%3Ca+href%3D%22%23Introduction%22%3EIntroduction%3C%2Fa%3E%3C%2Fli%3E++%3Cli%3E%3Ca+href%3D%22%23Methodology%22%3EMethodology%3C%2Fa%3E%3C%2Fli%3E++%3Cli%3E%3Ca+href%3D%22%23Requirements%22%3ERequirements%3C%2Fa%3E%3C%2Fli%3E+%3C%2Ful%3E+%3C%2Fdiv%3E++%3Ch3%3E%3Ca+id%3D%22Introduction%22%3EINTRODUCTION%3C%2Fa%3E%3C%2Fh3%3E++%3Cp%3EInsert+introduction+text+here.%3C%2Fp%3E++%3Ch3%3E%3Ca+id%3D%22Methodology%22%3EMETHODOLOGY%3C%2Fa%3E%3C%2Fh3%3E++%3Cp%3EInsert+methodology+text+here.%3C%2Fp%3E++%3Ch3%3E%3Ca+id%3D%22Requirements%22%3EREQUIREMENTS%3C%2Fa%3E%3C%2Fh3%3E++%3Cp%3EInsert+requirements+text+here.+This+will+wrap+underneath+the+table+of+contents+on+the+line+above.%3C%2Fp%3E" />
      </category>
      <category name="Fragments">
        <category name="Sections">
          <template name="Callout" value="%3Cdiv+style%3D%22font%3A+bold+1em+'Trebuchet+MS'%2C+Verdana%2C+Arial%2C+Helvetica%2C+sans-serif%3B+width%3A+200%3B+float%3A+right%3B+border%3A+2px+double+%23D4D4D4%3B+padding%3A+4px+4px+++0+4px%3B+text-align%3A+right%3B+color%3A+%235E657B%3B%22%3E+%3Cp+style%3D%22font-style%3A+italic%3B+text-align%3Acenter%3B%22%3EInsert+quote+here.%3C%2Fp%3E+%3Cp+style%3D%22font-size%3A.8em%3B%22%3E-+Insert+author+here%3C%2Fp%3E+%3C%2Fdiv%3E" />
          <template name="Fixed Width Div" value="%3Cdiv+style%3D%22+background-color%3A+%23FFFFCC%3B+width%3A+450px%3B+border%3A+1px+dotted+%230099FF%3B%22%3EReplace+fixed-width+div+text+here%3C%2Fdiv%3E" />
        </category>
        <category name="Tables">
          <template name="Column Headings" value="%3Ctable%20%20style%3D%22%20border-collapse%3A%20collapse%3B%20border%3A%201px%20solid%20%23000024%3B%22%20width%3D%22100%25%22%3E%0A%3Ctr%3E%0A%3Cth%20style%3D%22color%3A%20white%3B%20%20border%3A%201px%20solid%20%23D4D4D4%3B%20%20background-color%3A%20%23244872%3B%22%3E%20%26%23160%3B%3C%2Fth%3E%0A%3Cth%20style%3D%22color%3A%20white%3B%20%20border%3A%201px%20solid%20%23D4D4D4%3B%20%20background-color%3A%20%23244872%3B%22%3E%20%26%23160%3B%3C%2Fth%3E%0A%3Cth%20style%3D%22color%3A%20white%3B%20%20border%3A%201px%20solid%20%23D4D4D4%3B%20%20background-color%3A%20%23244872%3B%22%3E%20%26%23160%3B%3C%2Fth%3E%0A%3C%2Ftr%3E%0A%3Ctr%3E%0A%3Ctd%20style%3D%22border%3A%201px%20solid%20%23000024%3B%22%20%3E%20%26%23160%3B%3C%2Ftd%3E%0A%3Ctd%20style%3D%22border%3A%201px%20solid%20%23000024%3B%22%20%3E%20%26%23160%3B%3C%2Ftd%3E%0A%3Ctd%20style%3D%22border%3A%201px%20solid%20%23000024%3B%22%20%3E%20%26%23160%3B%3C%2Ftd%3E%0A%3C%2Ftr%3E%0A%3Ctr%3E%0A%3Ctd%20style%3D%22border%3A%201px%20solid%20%23000024%3B%22%20%3E%20%26%23160%3B%3C%2Ftd%3E%0A%3Ctd%20style%3D%22border%3A%201px%20solid%20%23000024%3B%22%20%3E%20%26%23160%3B%3C%2Ftd%3E%0A%3Ctd%20style%3D%22border%3A%201px%20solid%20%23000024%3B%22%20%3E%20%26%23160%3B%3C%2Ftd%3E%0A%3C%2Ftr%3E%0A%3Ctr%3E%0A%3Ctd%20style%3D%22border%3A%201px%20solid%20%23000024%3B%22%20%3E%20%26%23160%3B%3C%2Ftd%3E%0A%3Ctd%20style%3D%22border%3A%201px%20solid%20%23000024%3B%22%20%3E%20%26%23160%3B%3C%2Ftd%3E%0A%3Ctd%20style%3D%22border%3A%201px%20solid%20%23000024%3B%22%20%3E%20%26%23160%3B%3C%2Ftd%3E%0A%3C%2Ftr%3E%0A%3C%2Ftable%3E"/>
        <template name="Column and Row Headings" value="%3Ctable%20%20style%3D%22%20border-collapse%3A%20collapse%3B%20border%3A%201px%20solid%20%23000024%3B%22%20width%3D%22100%25%22%3E%0A%3Ctr%3E%0A%3Cth%20style%3D%22color%3A%20white%3B%20%20border%3A%201px%20solid%20%23D4D4D4%3B%20%20background-color%3A%20%23244872%3B%22%3E%20%26%23160%3B%3C%2Fth%3E%0A%3Cth%20style%3D%22color%3A%20white%3B%20%20border%3A%201px%20solid%20%23D4D4D4%3B%20%20background-color%3A%20%23244872%3B%22%3E%20%26%23160%3B%3C%2Fth%3E%0A%3Cth%20style%3D%22color%3A%20white%3B%20%20border%3A%201px%20solid%20%23D4D4D4%3B%20%20background-color%3A%20%23244872%3B%22%3E%20%26%23160%3B%3C%2Fth%3E%0A%3C%2Ftr%3E%0A%3Ctr%3E%0A%3Cth%20style%3D%22color%3A%20white%3B%20%20border%3A%201px%20solid%20%23D4D4D4%3B%20%20background-color%3A%20%23244872%3B%22%3E%20%26%23160%3B%3C%2Fth%3E%0A%3Ctd%20style%3D%22border%3A%201px%20solid%20%23000024%3B%22%20%3E%20%26%23160%3B%3C%2Ftd%3E%0A%3Ctd%20style%3D%22border%3A%201px%20solid%20%23000024%3B%22%20%3E%20%26%23160%3B%3C%2Ftd%3E%0A%3C%2Ftr%3E%0A%3Ctr%3E%0A%3Cth%20style%3D%22color%3A%20white%3B%20%20border%3A%201px%20solid%20%23D4D4D4%3B%20%20background-color%3A%20%23244872%3B%22%3E%20%26%23160%3B%3C%2Fth%3E%0A%3Ctd%20style%3D%22border%3A%201px%20solid%20%23000024%3B%22%20%3E%20%26%23160%3B%3C%2Ftd%3E%0A%3Ctd%20style%3D%22border%3A%201px%20solid%20%23000024%3B%22%20%3E%20%26%23160%3B%3C%2Ftd%3E%0A%3C%2Ftr%3E%0A%3Ctr%3E%0A%3Cth%20style%3D%22color%3A%20white%3B%20%20border%3A%201px%20solid%20%23D4D4D4%3B%20%20background-color%3A%20%23244872%3B%22%3E%20%26%23160%3B%3C%2Fth%3E%0A%3Ctd%20style%3D%22border%3A%201px%20solid%20%23000024%3B%22%20%3E%20%26%23160%3B%3C%2Ftd%3E%0A%3Ctd%20style%3D%22border%3A%201px%20solid%20%23000024%3B%22%20%3E%20%26%23160%3B%3C%2Ftd%3E%0A%3C%2Ftr%3E%0A%3C%2Ftable%3E"/>
          <template name="Row Headings" value="%3Ctable%20%20style%3D%22%20border-collapse%3A%20collapse%3B%20border%3A%201px%20solid%20%23000024%3B%22%20width%3D%22100%25%22%3E%0A%3Ctr%3E%0A%3Cth%20style%3D%22color%3A%20white%3B%20%20border%3A%201px%20solid%20%23D4D4D4%3B%20%20background-color%3A%20%23244872%3B%22%3E%20%26%23160%3B%3C%2Fth%3E%0A%3Ctd%20style%3D%22border%3A%201px%20solid%20%23000024%3B%22%20%3E%20%26%23160%3B%3C%2Ftd%3E%0A%3Ctd%20style%3D%22border%3A%201px%20solid%20%23000024%3B%22%20%3E%20%26%23160%3B%3C%2Ftd%3E%0A%3C%2Ftr%3E%0A%3Ctr%3E%0A%3Cth%20style%3D%22color%3A%20white%3B%20%20border%3A%201px%20solid%20%23D4D4D4%3B%20%20background-color%3A%20%23244872%3B%22%3E%20%26%23160%3B%3C%2Fth%3E%0A%3Ctd%20style%3D%22border%3A%201px%20solid%20%23000024%3B%22%20%3E%20%26%23160%3B%3C%2Ftd%3E%0A%3Ctd%20style%3D%22border%3A%201px%20solid%20%23000024%3B%22%20%3E%20%26%23160%3B%3C%2Ftd%3E%0A%3C%2Ftr%3E%0A%3Ctr%3E%0A%3Cth%20style%3D%22color%3A%20white%3B%20%20border%3A%201px%20solid%20%23D4D4D4%3B%20%20background-color%3A%20%23244872%3B%22%3E%20%26%23160%3B%3C%2Fth%3E%0A%3Ctd%20style%3D%22border%3A%201px%20solid%20%23000024%3B%22%20%3E%20%26%23160%3B%3C%2Ftd%3E%0A%3Ctd%20style%3D%22border%3A%201px%20solid%20%23000024%3B%22%20%3E%20%26%23160%3B%3C%2Ftd%3E%0A%3C%2Ftr%3E%0A%3Ctr%3E%0A%3Cth%20style%3D%22color%3A%20white%3B%20%20border%3A%201px%20solid%20%23D4D4D4%3B%20%20background-color%3A%20%23244872%3B%22%3E%20%26%23160%3B%3C%2Fth%3E%0A%3Ctd%20style%3D%22border%3A%201px%20solid%20%23000024%3B%22%20%3E%20%26%23160%3B%3C%2Ftd%3E%0A%3Ctd%20style%3D%22border%3A%201px%20solid%20%23000024%3B%22%20%3E%20%26%23160%3B%3C%2Ftd%3E%0A%3C%2Ftr%3E%0A%3C%2Ftable%3E"/>
        </category>
      </category>
    </templates>

    <!--
    Specify what accessibility checks are run in EditLive!
    -->
    <accessibilityChecks
      errors="true"
      warnings="true"
      manual="true"
      WCAG1="true"
      WCAG2="true"
      Section508="true"
      inlineAccessibility="false"
      emptyImageAlt="error"
      tableMappingIssues="warn"
    />

    <mediaSettings>
        <!--
        Specify HTTP upload settings
            'base' is the base URL used to update the 'src' attributes of any local files in the HTML source
            'href' is your server-side script for handling multipart-formdata uploads from ELJ
            The httpUploadData element specifies any additional fields to post with the image data
        -->
    <!--
        <httpUpload
            base="http://www.yourserver.com/userfiles/"
            href="http://www.yourserver.com/scripts/upload.jsp">
            <httpUploadData name="hello" data="world"/>
        </httpUpload>
            -->

        <images allowLocalImages="true" allowUserSpecified="true" preferredWidth="800" preferredHeight="600">
            <!--
            The list of images which appear in the Insert Image dialog.
            TIP: Dynamically generate this from your database or repository to achieve an easy image library.
            -->

            <imageDialog width="700" height="350" />
        <imageList>
                 <image name="Business team"
                    alt="Business team meeting"
                    border="0"
                    title="Business team meeting"
                    description="Photo of a business team meeting"
                    src="http://www.ephox.com/demos/images/photos/TeamMeeting.jpg" />

                <image name="Note taking"
                    alt="Photo of taking notes in a meeting"
                    border="0"
                    title="Photo of taking notes in a meeting"
                    description="Photo of taking notes in a meeting"
                    src="http://www.ephox.com/demos/images/photos/TakingNotes.jpg" />

                <image name="Businessman"
                    alt="Photo of a businessman"
                    border="0"
                    title="Photo of a businessman"
                    description="Photo of a businessman"
                    src="http://www.ephox.com/demos/images/photos/businessman.jpg" />

                <image name="Bird"
                    alt="Photo of a bird in a tree"
                    border="0"
                    title="Photo of a bird in a tree"
                    description="Photo of a bird in a tree"
                    src="http://www.ephox.com/demos/images/photos/bird.jpg" />

                <image name="Forest"
                    alt="Photo of a New Zealand forest"
                    border="0"
                    title="Photo of a New Zealand forest"
                    description="Photo of a forest"
                    src="http://www.ephox.com/demos/images/photos/forest.jpg" />

                <image name="Mountain"
                    alt="Photo of a mountain"
                    border="0"
                    title="Photo of a mountain"
                    description="Photo of a mountain"
                    src="http://www.ephox.com/demos/images/photos/mountain.jpg" />

                <image name="Penguin"
                    alt="Yellow eyed penguin"
                    border="0"
                    title="Yellow eyed penguin"
                    description="Yellow eyed penguin"
                    src="http://www.ephox.com/demos/images/photos/penguin.jpg" />

                <image name="Laptop"
                    description="Laptop and mouse"
                    alt="Person using a laptop"
                    src="http://www.ephox.com/demos/images/photos/computerandmouse.jpg"
                    title="Person using a laptop" />

                <image name="Globe"
                    alt="Globe icon"
                    border="0"
                    title="Globe icon"
                    description="Globe icon"
                    src="http://www.ephox.com/demos/images/icons/environment.png" />

                <image name="Font"
                    alt="Font icon"
                    border="0"
                    title="Font icon"
                    description="Font icon"
                    src="http://www.ephox.com/demos/images/icons/font.png" />

                  <image name="Lightbulb"
                    alt="Lightbulb icon"
                    border="0"
                    title="Lightbulb icon"
                    description="Lightbulb icon"
                    src="http://www.ephox.com/demos/images/icons/lightbulb_on.png" />

                <image name="Link"
                    alt="Link icon"
                    border="0"
                    title="Link icon"
                    description="Link icon"
                    src="http://www.ephox.com/demos/images/icons/link.png" />

                <image name="Star"
                    alt="Green star icon"
                    border="0"
                    title="Green star icon"
                    description="Green star icon"
                    src="http://www.ephox.com/demos/images/icons/star_green.png" />

                <image name="Wrench"
                    alt="Wrench icon"
                    border="0"
                    title="Wrench icon"
                    description="Wrench icon"
                    src="http://www.ephox.com/demos/images/icons/wrench.png" />
            </imageList>


            <!--
            Specify WebDAV configuration information
            -->
            <!--<webdav>
                <repository
                    name="Sample"
                    baseDir="http://www.yourserver.com/webDAV"
                    defaultDir="SampleDir"
                    webDAVBaseURL="../webDAV"
                />
            </webdav>-->
        </images>
        <multimedia>
            <types>
                <type name="Adobe Flash" type="application/x-shockwave-flash" extension="swf" allowCustomParams="true" urlParam="movie">
                    <param name="movie" />
                    <param name="quality" />
                    <param name="bgcolor" />
                </type>
                <type name="QuickTime Movie" type="video/quicktime" extension="mov" allowCustomParams="true">
                    <param name="autohref" />
                    <param name="autoplay" />
                    <param name="bgcolor" />
                    <param name="cache" />
                    <param name="controller" />
                    <param name="correction" />
                    <param name="dontflattenwhensaving" />
                    <param name="enablejavascript" />
                    <param name="endtime" />
                    <param name="fov" />
                    <param name="height" />
                    <param name="href" />
                    <param name="kioskmode" />
                    <param name="loop" />
                    <param name="movieid" />
                    <param name="moviename" />
                    <param name="node" />
                    <param name="pan" />
                    <param name="playeveryframe" />
                    <param name="qtsrcchokespeed" />
                    <param name="scale" />
                    <param name="starttime" />
                    <param name="target" />
                    <param name="targetcache" />
                    <param name="tilt" />
                    <param name="urlsubstitute" />
                    <param name="volume" />
                </type>
                    <type name="Window Media" type="application/x-mplayer2" extension="asf" allowCustomParams="true" urlParam="fileName">
                    <param name="animationAtStart" />
                    <param name="autoStart" />
                    <param name="showControls" />
                    <param name="clickToPlay" />
                    <param name="transparentAtStart" />
                </type>
                <type name="Window Media (Streaming)" type="application/x-mplayer2" extension="asx" allowCustomParams="true" urlParam="fileName">
                    <param name="animationAtStart" />
                    <param name="autoStart" />
                    <param name="showControls" />
                    <param name="clickToPlay" />
                    <param name="transparentAtStart" />
                </type>
                <type name="WAV Audio" type="application/x-mplayer2" extension="wav" allowCustomParams="true" />
                <type name="MP3 Audio" type="application/x-mplayer2" extension="mp3" allowCustomParams="true" />
                <type name="AVI" type="application/x-mplayer2" extension="avi" allowCustomParams="true" />
            </types>
        </multimedia>
    </mediaSettings>


    <hyperlinks>

        <hyperlinkList>
          <hyperlink href="http://liveworks.ephox.com/documentation/editlive/v60/index.php?pageURL=RefHTML/hyperlinklist.htm" description="How To Update This List" />
            <hyperlink href="http://www.ephox.com" description="Ephox Web site" />
            <hyperlink href="http://liveworks.ephox.com" description="Ephox Developer Resources" />
            <hyperlink href="http://liveworks.ephox.com/support/" description="Ephox Support" />
      <hyperlink href="http://releases.ephox.com" description="Ephox Releases" />
      <hyperlink href="http://people.ephox.com" description="People@Ephox" />
        </hyperlinkList>

        <mailtoList>
            <mailtolink href="mailto:info@ephox.com" description="Ephox information" />
            <mailtolink href="mailto:sales@ephox.com" description="Ephox Sales" />
        </mailtoList>

    </hyperlinks>

    <toolbars>
      <toolbar name="Command">
          <toolbarComboBox name="Style">
              <comboBoxItem name="P"/>
              <comboBoxItem name="H1"/>
              <comboBoxItem name="H2"/>
              <comboBoxItem name="H3"/>
              <comboBoxItem name="H4"/>
              <comboBoxItem name="H5"/>
              <comboBoxItem name="H6"/>
          </toolbarComboBox>
          <toolbarButton name='textformattingmenu' />
          <toolbarSeparator/>
          <toolbarButton name="alignindentmenu"/>
          <toolbarSeparator/>
          <toolbarButton name="UnorderedList"/>
          <toolbarButton name="OrderedList"/>
          <toolbarSeparator/>
          <toolbarButton name="HLink"/>
          <toolbarButton name="ImageServer"/>
          <toolbarButton name="InsertMedia"/>
          <toolbarButton name="InsTableWizard"/>
          <toolbarButton name="checkermenu" />
          <toolbarSeparator/>
          <toolbarButton name="AddComment"/>
          <toolbarButton name="enableTrackChanges"/>
          <toolbarButton name='helpmenu' />
          <toolbarButton name="Popout"/>
      </toolbar>
  </toolbars>

    <!--  Note: Inline toolbars are currently only supported on img and table elements. -->
    <inlineToolbars>
      <!--  Inline Image toolbar is an Enterprise Edition Feature -->
      <inlineToolbar name="img">
        <toolbarButton name="rotateCCW"/>
        <toolbarButton name="rotateCW"/>
        <toolbarSeparator />
        <toolbarButton name="flipVertical"/>
        <toolbarButton name="flipHorizontal"/>
        <toolbarSeparator />
        <toolbarButton name="reflect"/>
        <toolbarButton name="dropShadow"/>
        <toolbarButton name="roundedCorners"/>
        <toolbarSeparator />
        <toolbarButton name="crop"/>
      </inlineToolbar>

      <inlineToolbar name="table">
            <toolbarButton name="InsRow"/>
            <toolbarButton name="InsCol"/>
            <toolbarButton name="DelRow"/>
            <toolbarButton name="DelCol"/>
            <toolbarButton name="DelTable"/>
          <toolbarSeparator />
            <toolbarButton name="Split"/>
            <toolbarButton name="Merge"/>
        <toolbarSeparator />
        <toolbarButton name="tableautofit"/>
        <toolbarButton name="percentageTableSizing" />
        <toolbarButton name="pixelTableSizing" />

        <!--  Enterprise Edition Features -->
        <toolbarSeparator />
            <toolbarButton name="ApplyCellHeaders"/>
            <toolbarButton name="ClearCellHeaders"/>
            <toolbarButton name="TableHeaderMappings"/>
        <toolbarSeparator />
            <toolbarButton name="Gridlines"/>

    </inlineToolbar>
    </inlineToolbars>

    <!--
    Customize the EditLive! shortcut menu
    -->
    <shortcutMenu>
        <shrtMenu>
            <shrtMenuItem name="Undo"/>
            <shrtMenuItem name="Redo"/>
            <shrtMenuSeparator/>
            <shrtMenuItem name="Cut"/>
            <shrtMenuItem name="Copy"/>
            <shrtMenuItem name="Paste"/>
            <shrtMenuSeparator/>
            <shrtMenuItem name="Select"/>
            <shrtMenuSeparator/>
            <!-- Enterprise Edition Features -->
            <shrtMenuItem name="AddComment"/>
            <shrtMenuItem name="acceptChange"/>
            <shrtMenuItem name="rejectChange"/>
            <shrtMenuItem name="nextchange"/>
            <shrtMenuItem name="previouschange"/>
            <shrtMenuSeparator/>
            <shrtMenuItem name="Hyperlink"/>
            <shrtMenuItem name="RemoveHyperlink"/>
            <shrtMenuItem name="PropImage"/>
            <shrtMenuItem name="PropObject"/>
            <shrtMenuItem name="PropList"/>
            <shrtMenuItem name="PropHR"/>
            <shrtMenuItem name="PropSection"/>
            <shrtMenuItem name="PropForm"/>
            <shrtMenuItem name="PropFormField"/>
            <shrtMenuSeparator/>
            <shrtMenuItem name="Split"/>
            <shrtMenuItem name="Merge"/>
            <shrtMenuItem name="tableautofit"/>
            <shrtMenuSeparator/>
            <shrtMenuItem name="PropTable"/>
            <shrtMenuItem name="PropRow"/>
            <shrtMenuItem name="PropCol"/>
            <shrtMenuItem name="PropCell"/>
            <shrtMenuSeparator/>
        <shrtMenuItem name="synonyms"/>
            <shrtMenuItem name="EditTag"/>
        </shrtMenu>
    </shortcutMenu>
</editlive>
